-- MySQL dump 10.13  Distrib 8.0.16, for Win64 (x86_64)
--
-- Host: localhost    Database: library
-- ------------------------------------------------------
-- Server version	8.0.15

/*!40101 SET @OLD_CHARACTER_SET_CLIENT=@@CHARACTER_SET_CLIENT */;
/*!40101 SET @OLD_CHARACTER_SET_RESULTS=@@CHARACTER_SET_RESULTS */;
/*!40101 SET @OLD_COLLATION_CONNECTION=@@COLLATION_CONNECTION */;
 SET NAMES utf8 ;
/*!40103 SET @OLD_TIME_ZONE=@@TIME_ZONE */;
/*!40103 SET TIME_ZONE='+00:00' */;
/*!40014 SET @OLD_UNIQUE_CHECKS=@@UNIQUE_CHECKS, UNIQUE_CHECKS=0 */;
/*!40014 SET @OLD_FOREIGN_KEY_CHECKS=@@FOREIGN_KEY_CHECKS, FOREIGN_KEY_CHECKS=0 */;
/*!40101 SET @OLD_SQL_MODE=@@SQL_MODE, SQL_MODE='NO_AUTO_VALUE_ON_ZERO' */;
/*!40111 SET @OLD_SQL_NOTES=@@SQL_NOTES, SQL_NOTES=0 */;

--
-- Table structure for table `book`
--

DROP TABLE IF EXISTS `book`;
/*!40101 SET @saved_cs_client     = @@character_set_client */;
 SET character_set_client = utf8mb4 ;
CREATE TABLE `book` (
  `idbook` int(11) NOT NULL AUTO_INCREMENT,
  `idcategory` int(11) NOT NULL,
  `name_book` varchar(100) DEFAULT NULL,
  `time_create` timestamp NULL DEFAULT CURRENT_TIMESTAMP,
  `time_update` timestamp NULL DEFAULT CURRENT_TIMESTAMP ON UPDATE CURRENT_TIMESTAMP,
  `enable` int(11) DEFAULT '1',
  PRIMARY KEY (`idbook`),
  KEY `book_category_idx` (`idcategory`),
  CONSTRAINT `book_category` FOREIGN KEY (`idcategory`) REFERENCES `category` (`idcategory`)
) ENGINE=InnoDB AUTO_INCREMENT=115 DEFAULT CHARSET=utf8mb4 COLLATE=utf8mb4_0900_ai_ci;
/*!40101 SET character_set_client = @saved_cs_client */;

--
-- Dumping data for table `book`
--

LOCK TABLES `book` WRITE;
/*!40000 ALTER TABLE `book` DISABLE KEYS */;
INSERT INTO `book` VALUES (1,1,'Random Story Title Generator 2.0','2019-09-17 04:31:04','2019-09-20 09:30:19',2),(2,1,'Fantasy Name Generator','2019-09-17 04:31:04','2019-09-20 09:30:19',2),(3,1,'Reedsy Fantasy Title Generator','2019-09-17 04:31:04','2019-09-20 09:30:19',2),(4,1,'Random Fantasy Novel Title Generator ','2019-09-17 04:31:04','2019-09-20 09:30:19',2),(5,1,'Serendipity Fantasy Novel Generator','2019-09-17 04:31:04','2019-09-20 09:30:19',2),(6,1,'Writing Exercises Story Title Ideas','2019-09-17 04:31:04','2019-09-20 09:30:19',2),(7,1,'Fantasy Name Generator by RinkWorks','2019-09-17 04:31:04','2019-09-20 09:30:19',2),(8,2,'Random Story Title Generator','2019-09-17 04:31:04','2019-09-20 09:30:19',2),(9,2,'Pulp Sci-fi Title-O-Tron','2019-09-17 04:31:04','2019-09-20 09:30:19',2),(10,2,'Reedsy Sci-Fi Book Title Generator','2019-09-17 04:31:04','2019-09-20 09:30:19',2),(11,2,'Random Sci-fi Title Generator','2019-09-17 04:31:04','2019-09-20 09:30:19',2),(12,2,'Space Adventure Title Generator','2019-09-17 04:31:04','2019-09-20 09:30:19',2),(13,3,'Random Story Title Generator','2019-09-17 04:31:04','2019-09-20 09:30:19',2),(14,3,'Fantasy Name Generator ','2019-09-17 04:31:04','2019-09-20 09:30:19',2),(15,3,'Generator Land’s Horror Titles','2019-09-17 04:31:04','2019-09-20 09:30:19',2),(16,3,'Writing Exercises Story Title Ideas','2019-09-17 04:31:04','2019-09-20 09:30:19',2),(17,4,'Random Romance Novel Title Generator','2019-09-17 04:31:04','2019-09-20 09:30:19',2),(18,4,'Reedsy Romance Title Generator','2019-09-17 04:31:04','2019-09-20 09:30:19',2),(19,4,'Kitt Net’s Book Title Romance','2019-09-17 04:31:04','2019-09-20 09:30:19',2),(20,4,'Randomly Generated Titles','2019-09-17 04:31:04','2019-09-20 09:30:19',2),(21,4,'Amaze Story Titles','2019-09-17 04:31:04','2019-09-20 09:30:19',2),(22,4,'Fantasy Name Generator','2019-09-17 04:31:04','2019-09-20 09:30:19',2),(23,5,'Reedsy Mystery Title Generator','2019-09-17 04:31:04','2019-09-20 09:30:20',2),(24,5,'Starman Series Mystery Title Generator','2019-09-17 04:31:04','2019-09-20 09:30:20',2),(25,5,'Story Toolz Half Title Generator','2019-09-17 04:31:04','2019-09-20 09:30:20',2),(26,6,'Reedsy Crime Title Generator','2019-09-17 04:31:04','2019-09-20 09:30:21',2),(27,6,'Mad Lib Thriller Title Generator','2019-09-17 04:31:04','2019-09-20 09:30:21',2),(28,6,'Amaze Story Titles','2019-09-17 04:31:04','2019-09-20 09:30:21',2),(29,7,'Portent’s Content Idea Generator ','2019-09-17 04:31:04','2019-09-20 09:30:24',2),(30,7,'Adazing’s Book Title Creator','2019-09-17 04:31:04','2019-09-20 09:30:24',2),(31,7,'Kopy Writing Kourse Book Name Generator','2019-09-17 04:31:04','2019-09-20 09:30:24',2),(32,8,'Fantasy Name Generator','2019-09-17 04:31:04','2019-09-17 04:31:04',1),(33,8,'Story Title Ideas for Kids Books','2019-09-17 04:31:04','2019-09-17 04:31:04',1),(34,9,'Rum and Monkey’s Comic Book Name Generator','2019-09-17 04:31:04','2019-09-17 04:31:04',1),(35,9,'Ruggen Berg’s Title Generator','2019-09-17 04:31:04','2019-09-17 04:31:04',1),(36,9,'Super Hero Name Gens','2019-09-17 04:31:04','2019-09-17 04:31:04',1),(37,10,'Autobiography Title Generator','2019-09-17 04:31:04','2019-09-17 04:31:04',1),(38,10,'Book Character Name Generator','2019-09-17 04:31:04','2019-09-17 04:31:04',1);
/*!40000 ALTER TABLE `book` ENABLE KEYS */;
UNLOCK TABLES;

--
-- Table structure for table `bookbrow`
--

DROP TABLE IF EXISTS `bookbrow`;
/*!40101 SET @saved_cs_client     = @@character_set_client */;
 SET character_set_client = utf8mb4 ;
CREATE TABLE `bookbrow` (
  `idbook_brow` int(11) NOT NULL AUTO_INCREMENT,
  `iduser` int(11) DEFAULT NULL,
  `idbook` int(11) DEFAULT NULL,
  `start_brow` timestamp NULL DEFAULT NULL,
  `end_brow` timestamp NULL DEFAULT NULL,
  `time_start` timestamp NULL DEFAULT CURRENT_TIMESTAMP,
  `time_end` timestamp NULL DEFAULT CURRENT_TIMESTAMP ON UPDATE CURRENT_TIMESTAMP,
  `enable` int(11) DEFAULT '1',
  PRIMARY KEY (`idbook_brow`),
  KEY `user_brow_idx` (`iduser`),
  CONSTRAINT `user_brow` FOREIGN KEY (`iduser`) REFERENCES `user` (`iduser`)
) ENGINE=InnoDB AUTO_INCREMENT=274 DEFAULT CHARSET=utf8mb4 COLLATE=utf8mb4_0900_ai_ci;
/*!40101 SET character_set_client = @saved_cs_client */;

--
-- Dumping data for table `bookbrow`
--

LOCK TABLES `bookbrow` WRITE;
/*!40000 ALTER TABLE `bookbrow` DISABLE KEYS */;
INSERT INTO `bookbrow` VALUES (6,5,1,'2019-07-25 13:23:34','2019-07-25 13:23:34','2019-09-18 08:26:02','2019-09-18 08:28:42',0),(7,5,2,'2019-07-25 13:23:34','2019-07-25 13:23:34','2019-09-18 08:26:02','2019-09-18 08:28:42',0),(8,5,3,'2019-07-25 13:23:34','2019-07-25 13:23:34','2019-09-18 08:26:02','2019-09-18 08:28:42',0),(9,4,4,'2019-07-25 13:23:34','2019-07-25 13:23:34','2019-09-18 08:27:29','2019-09-18 08:28:11',0),(10,5,1,'2019-07-25 13:23:34','2019-07-25 13:23:34','2019-09-18 08:40:39','2019-09-18 08:40:59',0),(11,5,2,'2019-07-25 13:23:34','2019-07-25 13:23:34','2019-09-18 08:40:39','2019-09-18 08:41:00',0),(12,5,3,'2019-07-25 13:23:34','2019-07-25 13:23:34','2019-09-18 08:40:39','2019-09-18 08:41:00',0),(13,5,4,'2019-07-25 13:23:34','2019-07-25 13:23:34','2019-09-18 08:40:39','2019-09-18 08:41:00',0),(14,5,1,'2019-07-25 13:23:34','2019-07-25 13:23:34','2019-09-18 09:12:57','2019-09-18 09:14:39',0),(15,5,2,'2019-07-25 13:23:34','2019-07-25 13:23:34','2019-09-18 09:12:57','2019-09-18 09:14:39',0),(16,5,3,'2019-07-25 13:23:34','2019-07-25 13:23:34','2019-09-18 09:12:57','2019-09-18 09:14:39',0),(17,5,4,'2019-07-25 13:23:34','2019-07-25 13:23:34','2019-09-18 09:12:57','2019-09-18 09:14:39',0),(18,5,1,'2019-07-25 13:23:34','2019-07-25 13:23:34','2019-09-18 09:15:05','2019-09-18 09:16:47',0),(19,5,2,'2019-07-25 13:23:34','2019-07-25 13:23:34','2019-09-18 09:15:05','2019-09-18 09:16:47',0),(20,5,3,'2019-07-25 13:23:34','2019-07-25 13:23:34','2019-09-18 09:15:05','2019-09-18 09:16:47',0),(21,5,4,'2019-07-25 13:23:34','2019-07-25 13:23:34','2019-09-18 09:15:05','2019-09-18 09:16:47',0),(22,5,1,'2019-07-25 13:23:34','2019-07-25 13:23:34','2019-09-19 12:40:39','2019-09-20 09:29:14',0),(23,5,2,'2019-07-25 13:23:34','2019-07-25 13:23:34','2019-09-19 12:40:40','2019-09-20 09:29:14',0),(24,5,3,'2019-07-25 13:23:34','2019-07-25 13:23:34','2019-09-19 12:40:40','2019-09-20 09:29:14',0),(25,5,4,'2019-07-25 13:23:34','2019-07-25 13:23:34','2019-09-19 12:40:40','2019-09-20 09:29:14',0),(26,5,5,'1970-01-19 03:49:30','1970-01-19 03:49:30','2019-09-20 09:03:25','2019-09-20 09:29:14',0),(27,5,5,'1970-01-19 03:49:30','1970-01-19 03:49:30','2019-09-20 09:03:25','2019-09-20 09:29:14',0),(28,5,5,'1970-01-19 03:49:30','1970-01-19 03:49:30','2019-09-20 09:03:25','2019-09-20 09:29:14',0),(29,5,5,'1970-01-19 03:49:30','1970-01-19 03:49:30','2019-09-20 09:03:25','2019-09-20 09:29:14',0),(30,5,5,'1970-01-19 03:49:30','1970-01-19 03:49:30','2019-09-20 09:03:25','2019-09-20 09:29:14',0),(31,5,5,'1970-01-19 03:49:30','1970-01-19 03:49:30','2019-09-20 09:03:25','2019-09-20 09:29:14',0),(32,5,5,'1970-01-19 03:49:30','1970-01-19 03:49:30','2019-09-20 09:03:25','2019-09-20 09:29:14',0),(33,5,5,'1970-01-19 03:49:30','1970-01-19 03:49:30','2019-09-20 09:03:25','2019-09-20 09:29:14',0),(34,5,5,'1970-01-19 03:49:30','1970-01-19 03:49:30','2019-09-20 09:03:25','2019-09-20 09:29:14',0),(35,5,5,'1970-01-19 03:49:30','1970-01-19 03:49:30','2019-09-20 09:03:25','2019-09-20 09:29:14',0),(36,5,6,'1970-01-19 03:49:30','1970-01-19 03:49:30','2019-09-20 09:03:25','2019-09-20 09:29:14',0),(37,5,6,'1970-01-19 03:49:30','1970-01-19 03:49:30','2019-09-20 09:03:25','2019-09-20 09:29:14',0),(38,5,7,'1970-01-19 03:49:30','1970-01-19 03:49:30','2019-09-20 09:03:25','2019-09-20 09:29:14',0),(39,5,7,'1970-01-19 03:49:30','1970-01-19 03:49:30','2019-09-20 09:03:25','2019-09-20 09:29:14',0),(40,5,8,'1970-01-19 03:49:30','1970-01-19 03:49:30','2019-09-20 09:03:25','2019-09-20 09:29:14',0),(41,5,8,'1970-01-19 03:49:30','1970-01-19 03:49:30','2019-09-20 09:03:25','2019-09-20 09:29:14',0),(42,5,9,'1970-01-19 03:49:30','1970-01-19 03:49:30','2019-09-20 09:03:25','2019-09-20 09:29:14',0),(43,5,9,'1970-01-19 03:49:30','1970-01-19 03:49:30','2019-09-20 09:03:25','2019-09-20 09:29:14',0),(44,5,10,'1970-01-19 03:49:30','1970-01-19 03:49:30','2019-09-20 09:03:25','2019-09-20 09:29:14',0),(45,5,10,'1970-01-19 03:49:30','1970-01-19 03:49:30','2019-09-20 09:03:25','2019-09-20 09:29:14',0),(46,5,6,'1970-01-19 03:49:30','1970-01-19 03:49:30','2019-09-20 09:03:25','2019-09-20 09:29:14',0),(47,5,11,'1970-01-19 03:49:30','1970-01-19 03:49:30','2019-09-20 09:03:25','2019-09-20 09:29:14',0),(48,5,11,'1970-01-19 03:49:30','1970-01-19 03:49:30','2019-09-20 09:03:25','2019-09-20 09:29:14',0),(49,5,7,'1970-01-19 03:49:30','1970-01-19 03:49:30','2019-09-20 09:03:25','2019-09-20 09:29:14',0),(50,5,12,'1970-01-19 03:49:30','1970-01-19 03:49:30','2019-09-20 09:03:25','2019-09-20 09:29:14',0),(51,5,12,'1970-01-19 03:49:30','1970-01-19 03:49:30','2019-09-20 09:03:25','2019-09-20 09:29:14',0),(52,5,8,'1970-01-19 03:49:30','1970-01-19 03:49:30','2019-09-20 09:03:25','2019-09-20 09:29:14',0),(53,5,6,'1970-01-19 03:49:30','1970-01-19 03:49:30','2019-09-20 09:03:25','2019-09-20 09:29:14',0),(54,5,9,'1970-01-19 03:49:30','1970-01-19 03:49:30','2019-09-20 09:03:25','2019-09-20 09:29:14',0),(55,5,13,'1970-01-19 03:49:30','1970-01-19 03:49:30','2019-09-20 09:03:25','2019-09-20 09:29:14',0),(56,5,13,'1970-01-19 03:49:30','1970-01-19 03:49:30','2019-09-20 09:03:25','2019-09-20 09:29:14',0),(57,5,6,'1970-01-19 03:49:30','1970-01-19 03:49:30','2019-09-20 09:03:25','2019-09-20 09:29:14',0),(58,5,7,'1970-01-19 03:49:30','1970-01-19 03:49:30','2019-09-20 09:03:25','2019-09-20 09:29:14',0),(59,5,6,'1970-01-19 03:49:30','1970-01-19 03:49:30','2019-09-20 09:03:25','2019-09-20 09:29:14',0),(60,5,14,'1970-01-19 03:49:30','1970-01-19 03:49:30','2019-09-20 09:03:25','2019-09-20 09:29:14',0),(61,5,14,'1970-01-19 03:49:30','1970-01-19 03:49:30','2019-09-20 09:03:25','2019-09-20 09:29:14',0),(62,5,10,'1970-01-19 03:49:30','1970-01-19 03:49:30','2019-09-20 09:03:25','2019-09-20 09:29:14',0),(63,5,7,'1970-01-19 03:49:30','1970-01-19 03:49:30','2019-09-20 09:03:25','2019-09-20 09:29:14',0),(64,5,15,'1970-01-19 03:49:30','1970-01-19 03:49:30','2019-09-20 09:03:25','2019-09-20 09:29:14',0),(65,5,11,'1970-01-19 03:49:30','1970-01-19 03:49:30','2019-09-20 09:03:25','2019-09-20 09:29:14',0),(66,5,7,'1970-01-19 03:49:30','1970-01-19 03:49:30','2019-09-20 09:03:25','2019-09-20 09:29:14',0),(67,5,8,'1970-01-19 03:49:30','1970-01-19 03:49:30','2019-09-20 09:03:25','2019-09-20 09:29:14',0),(68,5,8,'1970-01-19 03:49:30','1970-01-19 03:49:30','2019-09-20 09:03:25','2019-09-20 09:29:14',0),(69,5,16,'1970-01-19 03:49:30','1970-01-19 03:49:30','2019-09-20 09:03:25','2019-09-20 09:29:14',0),(70,5,12,'1970-01-19 03:49:30','1970-01-19 03:49:30','2019-09-20 09:03:25','2019-09-20 09:29:14',0),(71,5,9,'1970-01-19 03:49:30','1970-01-19 03:49:30','2019-09-20 09:03:25','2019-09-20 09:29:14',0),(72,5,13,'1970-01-19 03:49:30','1970-01-19 03:49:30','2019-09-20 09:03:25','2019-09-20 09:29:14',0),(73,5,17,'1970-01-19 03:49:30','1970-01-19 03:49:30','2019-09-20 09:03:25','2019-09-20 09:29:14',0),(74,5,9,'1970-01-19 03:49:30','1970-01-19 03:49:30','2019-09-20 09:03:25','2019-09-20 09:29:14',0),(75,5,6,'1970-01-19 03:49:30','1970-01-19 03:49:30','2019-09-20 09:03:25','2019-09-20 09:29:14',0),(76,5,10,'1970-01-19 03:49:30','1970-01-19 03:49:30','2019-09-20 09:03:25','2019-09-20 09:29:14',0),(77,5,18,'1970-01-19 03:49:30','1970-01-19 03:49:30','2019-09-20 09:03:25','2019-09-20 09:29:14',0),(78,5,11,'1970-01-19 03:49:30','1970-01-19 03:49:30','2019-09-20 09:03:25','2019-09-20 09:29:14',0),(79,5,14,'1970-01-19 03:49:30','1970-01-19 03:49:30','2019-09-20 09:03:25','2019-09-20 09:29:14',0),(80,5,12,'1970-01-19 03:49:30','1970-01-19 03:49:30','2019-09-20 09:03:25','2019-09-20 09:29:14',0),(81,5,15,'1970-01-19 03:49:30','1970-01-19 03:49:30','2019-09-20 09:03:25','2019-09-20 09:29:14',0),(82,5,19,'1970-01-19 03:49:30','1970-01-19 03:49:30','2019-09-20 09:03:25','2019-09-20 09:29:14',0),(83,5,20,'1970-01-19 03:49:30','1970-01-19 03:49:30','2019-09-20 09:03:25','2019-09-20 09:29:14',0),(84,5,13,'1970-01-19 03:49:30','1970-01-19 03:49:30','2019-09-20 09:03:25','2019-09-20 09:29:14',0),(85,5,16,'1970-01-19 03:49:30','1970-01-19 03:49:30','2019-09-20 09:03:25','2019-09-20 09:29:14',0),(86,5,21,'1970-01-19 03:49:30','1970-01-19 03:49:30','2019-09-20 09:03:25','2019-09-20 09:29:14',0),(87,5,17,'1970-01-19 03:49:30','1970-01-19 03:49:30','2019-09-20 09:03:25','2019-09-20 09:29:14',0),(88,5,14,'1970-01-19 03:49:30','1970-01-19 03:49:30','2019-09-20 09:03:25','2019-09-20 09:29:14',0),(89,5,22,'1970-01-19 03:49:30','1970-01-19 03:49:30','2019-09-20 09:03:25','2019-09-20 09:29:14',0),(90,5,15,'1970-01-19 03:49:30','1970-01-19 03:49:30','2019-09-20 09:03:25','2019-09-20 09:29:14',0),(91,5,18,'1970-01-19 03:49:30','1970-01-19 03:49:30','2019-09-20 09:03:25','2019-09-20 09:29:14',0),(92,5,7,'1970-01-19 03:49:30','1970-01-19 03:49:30','2019-09-20 09:03:25','2019-09-20 09:29:14',0),(93,5,23,'1970-01-19 03:49:30','1970-01-19 03:49:30','2019-09-20 09:03:25','2019-09-20 09:29:14',0),(94,5,19,'1970-01-19 03:49:30','1970-01-19 03:49:30','2019-09-20 09:03:25','2019-09-20 09:29:14',0),(95,5,16,'1970-01-19 03:49:30','1970-01-19 03:49:30','2019-09-20 09:03:25','2019-09-20 09:29:14',0),(96,5,20,'1970-01-19 03:49:30','1970-01-19 03:49:30','2019-09-20 09:03:25','2019-09-20 09:29:14',0),(97,5,24,'1970-01-19 03:49:30','1970-01-19 03:49:30','2019-09-20 09:03:25','2019-09-20 09:29:14',0),(98,5,8,'1970-01-19 03:49:30','1970-01-19 03:49:30','2019-09-20 09:03:25','2019-09-20 09:29:14',0),(99,5,17,'1970-01-19 03:49:30','1970-01-19 03:49:30','2019-09-20 09:03:25','2019-09-20 09:29:14',0),(100,5,6,'1970-01-19 03:49:30','1970-01-19 03:49:30','2019-09-20 09:03:25','2019-09-20 09:29:14',0),(101,5,6,'1970-01-19 03:49:30','1970-01-19 03:49:30','2019-09-20 09:03:25','2019-09-20 09:29:14',0),(102,5,6,'1970-01-19 03:49:30','1970-01-19 03:49:30','2019-09-20 09:03:25','2019-09-20 09:29:14',0),(103,5,7,'1970-01-19 03:49:30','1970-01-19 03:49:30','2019-09-20 09:03:25','2019-09-20 09:29:14',0),(104,5,21,'1970-01-19 03:49:30','1970-01-19 03:49:30','2019-09-20 09:03:25','2019-09-20 09:29:14',0),(105,5,7,'1970-01-19 03:49:30','1970-01-19 03:49:30','2019-09-20 09:03:25','2019-09-20 09:29:14',0),(106,5,7,'1970-01-19 03:49:30','1970-01-19 03:49:30','2019-09-20 09:03:25','2019-09-20 09:29:14',0),(107,5,9,'1970-01-19 03:49:30','1970-01-19 03:49:30','2019-09-20 09:03:25','2019-09-20 09:29:14',0),(108,5,18,'1970-01-19 03:49:30','1970-01-19 03:49:30','2019-09-20 09:03:25','2019-09-20 09:29:14',0),(109,5,8,'1970-01-19 03:49:30','1970-01-19 03:49:30','2019-09-20 09:03:25','2019-09-20 09:29:14',0),(110,5,22,'1970-01-19 03:49:30','1970-01-19 03:49:30','2019-09-20 09:03:25','2019-09-20 09:29:14',0),(111,5,8,'1970-01-19 03:49:30','1970-01-19 03:49:30','2019-09-20 09:03:25','2019-09-20 09:29:14',0),(112,5,10,'1970-01-19 03:49:30','1970-01-19 03:49:30','2019-09-20 09:03:25','2019-09-20 09:29:14',0),(113,5,8,'1970-01-19 03:49:30','1970-01-19 03:49:30','2019-09-20 09:03:25','2019-09-20 09:29:14',0),(114,5,19,'1970-01-19 03:49:30','1970-01-19 03:49:30','2019-09-20 09:03:25','2019-09-20 09:29:14',0),(115,5,9,'1970-01-19 03:49:30','1970-01-19 03:49:30','2019-09-20 09:03:25','2019-09-20 09:29:14',0),(116,5,23,'1970-01-19 03:49:30','1970-01-19 03:49:30','2019-09-20 09:03:25','2019-09-20 09:29:14',0),(117,5,9,'1970-01-19 03:49:30','1970-01-19 03:49:30','2019-09-20 09:03:25','2019-09-20 09:29:14',0),(118,5,11,'1970-01-19 03:49:30','1970-01-19 03:49:30','2019-09-20 09:03:25','2019-09-20 09:29:14',0),(119,5,9,'1970-01-19 03:49:30','1970-01-19 03:49:30','2019-09-20 09:03:25','2019-09-20 09:29:14',0),(120,5,20,'1970-01-19 03:49:30','1970-01-19 03:49:30','2019-09-20 09:03:25','2019-09-20 09:29:14',0),(121,5,10,'1970-01-19 03:49:30','1970-01-19 03:49:30','2019-09-20 09:03:25','2019-09-20 09:29:14',0),(122,5,24,'1970-01-19 03:49:30','1970-01-19 03:49:30','2019-09-20 09:03:25','2019-09-20 09:29:14',0),(123,5,10,'1970-01-19 03:49:30','1970-01-19 03:49:30','2019-09-20 09:03:25','2019-09-20 09:29:14',0),(124,5,12,'1970-01-19 03:49:30','1970-01-19 03:49:30','2019-09-20 09:03:25','2019-09-20 09:29:14',0),(125,5,21,'1970-01-19 03:49:30','1970-01-19 03:49:30','2019-09-20 09:03:25','2019-09-20 09:29:14',0),(126,5,11,'1970-01-19 03:49:30','1970-01-19 03:49:30','2019-09-20 09:03:25','2019-09-20 09:29:14',0),(127,5,11,'1970-01-19 03:49:30','1970-01-19 03:49:30','2019-09-20 09:03:25','2019-09-20 09:29:14',0),(128,5,10,'1970-01-19 03:49:30','1970-01-19 03:49:30','2019-09-20 09:03:25','2019-09-20 09:29:14',0),(129,5,13,'1970-01-19 03:49:30','1970-01-19 03:49:30','2019-09-20 09:03:25','2019-09-20 09:29:14',0),(130,5,12,'1970-01-19 03:49:30','1970-01-19 03:49:30','2019-09-20 09:03:25','2019-09-20 09:29:14',0),(131,5,12,'1970-01-19 03:49:30','1970-01-19 03:49:30','2019-09-20 09:03:25','2019-09-20 09:29:14',0),(132,5,22,'1970-01-19 03:49:30','1970-01-19 03:49:30','2019-09-20 09:03:25','2019-09-20 09:29:14',0),(133,5,13,'1970-01-19 03:49:30','1970-01-19 03:49:30','2019-09-20 09:03:25','2019-09-20 09:29:14',0),(134,5,11,'1970-01-19 03:49:30','1970-01-19 03:49:30','2019-09-20 09:03:25','2019-09-20 09:29:14',0),(135,5,14,'1970-01-19 03:49:30','1970-01-19 03:49:30','2019-09-20 09:03:25','2019-09-20 09:29:14',0),(136,5,13,'1970-01-19 03:49:30','1970-01-19 03:49:30','2019-09-20 09:03:25','2019-09-20 09:29:14',0),(137,5,23,'1970-01-19 03:49:30','1970-01-19 03:49:30','2019-09-20 09:03:25','2019-09-20 09:29:14',0),(138,5,14,'1970-01-19 03:49:30','1970-01-19 03:49:30','2019-09-20 09:03:25','2019-09-20 09:29:14',0),(139,5,14,'1970-01-19 03:49:30','1970-01-19 03:49:30','2019-09-20 09:03:25','2019-09-20 09:29:14',0),(140,5,15,'1970-01-19 03:49:30','1970-01-19 03:49:30','2019-09-20 09:03:25','2019-09-20 09:29:14',0),(141,5,24,'1970-01-19 03:49:30','1970-01-19 03:49:30','2019-09-20 09:03:25','2019-09-20 09:29:14',0),(142,5,15,'1970-01-19 03:49:30','1970-01-19 03:49:30','2019-09-20 09:03:25','2019-09-20 09:29:14',0),(143,5,15,'1970-01-19 03:49:30','1970-01-19 03:49:30','2019-09-20 09:03:25','2019-09-20 09:29:14',0),(144,5,16,'1970-01-19 03:49:30','1970-01-19 03:49:30','2019-09-20 09:03:25','2019-09-20 09:29:14',0),(145,5,25,'1970-01-19 03:49:30','1970-01-19 03:49:30','2019-09-20 09:03:25','2019-09-20 09:29:14',0),(146,5,16,'1970-01-19 03:49:30','1970-01-19 03:49:30','2019-09-20 09:03:25','2019-09-20 09:29:14',0),(147,5,26,'1970-01-19 03:49:30','1970-01-19 03:49:30','2019-09-20 09:03:25','2019-09-20 09:29:14',0),(148,5,17,'1970-01-19 03:49:30','1970-01-19 03:49:30','2019-09-20 09:03:25','2019-09-20 09:29:14',0),(149,5,12,'1970-01-19 03:49:30','1970-01-19 03:49:30','2019-09-20 09:03:25','2019-09-20 09:29:14',0),(150,5,17,'1970-01-19 03:49:30','1970-01-19 03:49:30','2019-09-20 09:03:25','2019-09-20 09:29:14',0),(151,5,13,'1970-01-19 03:49:30','1970-01-19 03:49:30','2019-09-20 09:03:25','2019-09-20 09:29:14',0),(152,5,27,'1970-01-19 03:49:30','1970-01-19 03:49:30','2019-09-20 09:03:25','2019-09-20 09:29:14',0),(153,5,28,'1970-01-19 03:49:30','1970-01-19 03:49:30','2019-09-20 09:03:25','2019-09-20 09:29:14',0),(154,5,16,'1970-01-19 03:49:30','1970-01-19 03:49:30','2019-09-20 09:03:25','2019-09-20 09:29:14',0),(155,5,14,'1970-01-19 03:49:30','1970-01-19 03:49:30','2019-09-20 09:03:25','2019-09-20 09:29:14',0),(156,5,18,'1970-01-19 03:49:30','1970-01-19 03:49:30','2019-09-20 09:03:25','2019-09-20 09:29:14',0),(157,5,19,'1970-01-19 03:49:30','1970-01-19 03:49:30','2019-09-20 09:03:25','2019-09-20 09:29:14',0),(158,5,29,'1970-01-19 03:49:30','1970-01-19 03:49:30','2019-09-20 09:03:25','2019-09-20 09:29:14',0),(159,5,18,'1970-01-19 03:49:30','1970-01-19 03:49:30','2019-09-20 09:03:25','2019-09-20 09:29:14',0),(160,5,20,'1970-01-19 03:49:30','1970-01-19 03:49:30','2019-09-20 09:03:25','2019-09-20 09:29:14',0),(161,5,19,'1970-01-19 03:49:30','1970-01-19 03:49:30','2019-09-20 09:03:25','2019-09-20 09:29:14',0),(162,5,17,'1970-01-19 03:49:30','1970-01-19 03:49:30','2019-09-20 09:03:25','2019-09-20 09:29:14',0),(163,5,30,'1970-01-19 03:49:30','1970-01-19 03:49:30','2019-09-20 09:03:25','2019-09-20 09:29:14',0),(164,5,15,'1970-01-19 03:49:30','1970-01-19 03:49:30','2019-09-20 09:03:25','2019-09-20 09:29:14',0),(165,5,20,'1970-01-19 03:49:30','1970-01-19 03:49:30','2019-09-20 09:03:25','2019-09-20 09:29:14',0),(166,5,31,'1970-01-19 03:49:30','1970-01-19 03:49:30','2019-09-20 09:03:25','2019-09-20 09:29:14',0),(167,5,18,'1970-01-19 03:49:30','1970-01-19 03:49:30','2019-09-20 09:03:25','2019-09-20 09:29:14',0),(168,5,16,'1970-01-19 03:49:30','1970-01-19 03:49:30','2019-09-20 09:03:25','2019-09-20 09:29:14',0),(169,5,19,'1970-01-19 03:49:30','1970-01-19 03:49:30','2019-09-20 09:03:25','2019-09-20 09:29:14',0),(170,5,21,'1970-01-19 03:49:30','1970-01-19 03:49:30','2019-09-20 09:03:25','2019-09-20 09:29:14',0),(171,5,17,'1970-01-19 03:49:30','1970-01-19 03:49:30','2019-09-20 09:03:25','2019-09-20 09:29:14',0),(172,5,18,'1970-01-19 03:49:30','1970-01-19 03:49:30','2019-09-20 09:03:25','2019-09-20 09:29:14',0),(173,5,20,'1970-01-19 03:49:30','1970-01-19 03:49:30','2019-09-20 09:03:25','2019-09-20 09:29:14',0),(174,5,19,'1970-01-19 03:49:30','1970-01-19 03:49:30','2019-09-20 09:03:25','2019-09-20 09:29:14',0),(175,5,21,'1970-01-19 03:49:30','1970-01-19 03:49:30','2019-09-20 09:03:25','2019-09-20 09:29:14',0),(176,5,20,'1970-01-19 03:49:30','1970-01-19 03:49:30','2019-09-20 09:03:25','2019-09-20 09:29:14',0),(177,5,22,'1970-01-19 03:49:30','1970-01-19 03:49:30','2019-09-20 09:03:25','2019-09-20 09:29:14',0),(178,5,22,'1970-01-19 03:49:30','1970-01-19 03:49:30','2019-09-20 09:03:25','2019-09-20 09:29:14',0),(179,5,21,'1970-01-19 03:49:30','1970-01-19 03:49:30','2019-09-20 09:03:25','2019-09-20 09:29:14',0),(180,5,23,'1970-01-19 03:49:30','1970-01-19 03:49:30','2019-09-20 09:03:25','2019-09-20 09:29:14',0),(181,5,23,'1970-01-19 03:49:30','1970-01-19 03:49:30','2019-09-20 09:03:25','2019-09-20 09:29:14',0),(182,5,21,'1970-01-19 03:49:30','1970-01-19 03:49:30','2019-09-20 09:03:25','2019-09-20 09:29:14',0),(183,5,24,'1970-01-19 03:49:30','1970-01-19 03:49:30','2019-09-20 09:03:25','2019-09-20 09:29:14',0),(184,5,22,'1970-01-19 03:49:30','1970-01-19 03:49:30','2019-09-20 09:03:25','2019-09-20 09:29:14',0),(185,5,24,'1970-01-19 03:49:30','1970-01-19 03:49:30','2019-09-20 09:03:25','2019-09-20 09:29:14',0),(186,5,25,'1970-01-19 03:49:30','1970-01-19 03:49:30','2019-09-20 09:03:25','2019-09-20 09:29:14',0),(187,5,25,'1970-01-19 03:49:30','1970-01-19 03:49:30','2019-09-20 09:03:25','2019-09-20 09:29:14',0),(188,5,26,'1970-01-19 03:49:30','1970-01-19 03:49:30','2019-09-20 09:03:25','2019-09-20 09:29:14',0),(189,5,26,'1970-01-19 03:49:30','1970-01-19 03:49:30','2019-09-20 09:03:25','2019-09-20 09:29:14',0),(190,5,27,'1970-01-19 03:49:30','1970-01-19 03:49:30','2019-09-20 09:03:25','2019-09-20 09:29:14',0),(191,5,27,'1970-01-19 03:49:30','1970-01-19 03:49:30','2019-09-20 09:03:25','2019-09-20 09:29:14',0),(192,5,28,'1970-01-19 03:49:30','1970-01-19 03:49:30','2019-09-20 09:03:25','2019-09-20 09:29:14',0),(193,5,15,'1970-01-19 03:49:30','1970-01-19 03:49:30','2019-09-20 09:03:25','2019-09-20 09:29:14',0),(194,5,8,'1970-01-19 03:49:30','1970-01-19 03:49:30','2019-09-20 09:03:25','2019-09-20 09:29:14',0),(195,5,10,'1970-01-19 03:49:30','1970-01-19 03:49:30','2019-09-20 09:03:25','2019-09-20 09:29:14',0),(196,5,16,'1970-01-19 03:49:30','1970-01-19 03:49:30','2019-09-20 09:03:25','2019-09-20 09:29:14',0),(197,5,9,'1970-01-19 03:49:30','1970-01-19 03:49:30','2019-09-20 09:03:25','2019-09-20 09:29:14',0),(198,5,11,'1970-01-19 03:49:30','1970-01-19 03:49:30','2019-09-20 09:03:25','2019-09-20 09:29:14',0),(199,5,17,'1970-01-19 03:49:30','1970-01-19 03:49:30','2019-09-20 09:03:25','2019-09-20 09:29:14',0),(200,5,12,'1970-01-19 03:49:30','1970-01-19 03:49:30','2019-09-20 09:03:25','2019-09-20 09:29:14',0),(201,5,10,'1970-01-19 03:49:30','1970-01-19 03:49:30','2019-09-20 09:03:25','2019-09-20 09:29:14',0),(202,5,18,'1970-01-19 03:49:30','1970-01-19 03:49:30','2019-09-20 09:03:25','2019-09-20 09:29:14',0),(203,5,11,'1970-01-19 03:49:30','1970-01-19 03:49:30','2019-09-20 09:03:25','2019-09-20 09:29:14',0),(204,5,13,'1970-01-19 03:49:30','1970-01-19 03:49:30','2019-09-20 09:03:25','2019-09-20 09:29:14',0),(205,5,19,'1970-01-19 03:49:30','1970-01-19 03:49:30','2019-09-20 09:03:25','2019-09-20 09:29:14',0),(206,5,12,'1970-01-19 03:49:30','1970-01-19 03:49:30','2019-09-20 09:03:25','2019-09-20 09:29:14',0),(207,5,14,'1970-01-19 03:49:30','1970-01-19 03:49:30','2019-09-20 09:03:25','2019-09-20 09:29:14',0),(208,5,13,'1970-01-19 03:49:30','1970-01-19 03:49:30','2019-09-20 09:03:25','2019-09-20 09:29:14',0),(209,5,20,'1970-01-19 03:49:30','1970-01-19 03:49:30','2019-09-20 09:03:25','2019-09-20 09:29:14',0),(210,5,15,'1970-01-19 03:49:30','1970-01-19 03:49:30','2019-09-20 09:03:25','2019-09-20 09:29:14',0),(211,5,14,'1970-01-19 03:49:30','1970-01-19 03:49:30','2019-09-20 09:03:25','2019-09-20 09:29:14',0),(212,5,21,'1970-01-19 03:49:30','1970-01-19 03:49:30','2019-09-20 09:03:25','2019-09-20 09:29:14',0),(213,5,16,'1970-01-19 03:49:30','1970-01-19 03:49:30','2019-09-20 09:03:25','2019-09-20 09:29:14',0),(214,5,17,'1970-01-19 03:49:30','1970-01-19 03:49:30','2019-09-20 09:03:25','2019-09-20 09:29:14',0),(215,5,15,'1970-01-19 03:49:30','1970-01-19 03:49:30','2019-09-20 09:03:25','2019-09-20 09:29:14',0),(216,5,16,'1970-01-19 03:49:30','1970-01-19 03:49:30','2019-09-20 09:03:25','2019-09-20 09:29:14',0),(217,5,18,'1970-01-19 03:49:30','1970-01-19 03:49:30','2019-09-20 09:03:25','2019-09-20 09:29:14',0),(218,5,19,'1970-01-19 03:49:30','1970-01-19 03:49:30','2019-09-20 09:03:25','2019-09-20 09:29:14',0),(219,5,17,'1970-01-19 03:49:30','1970-01-19 03:49:30','2019-09-20 09:03:25','2019-09-20 09:29:14',0),(220,5,18,'1970-01-19 03:49:30','1970-01-19 03:49:30','2019-09-20 09:03:25','2019-09-20 09:29:14',0),(221,5,20,'1970-01-19 03:49:30','1970-01-19 03:49:30','2019-09-20 09:03:25','2019-09-20 09:29:14',0),(222,5,21,'1970-01-19 03:49:30','1970-01-19 03:49:30','2019-09-20 09:03:25','2019-09-20 09:29:14',0),(223,5,19,'1970-01-19 03:49:30','1970-01-19 03:49:30','2019-09-20 09:03:25','2019-09-20 09:29:14',0),(224,5,22,'1970-01-19 03:49:30','1970-01-19 03:49:30','2019-09-20 09:03:25','2019-09-20 09:29:14',0),(225,5,20,'1970-01-19 03:49:30','1970-01-19 03:49:30','2019-09-20 09:03:25','2019-09-20 09:29:14',0),(226,5,23,'1970-01-19 03:49:30','1970-01-19 03:49:30','2019-09-20 09:03:25','2019-09-20 09:29:14',0),(227,5,21,'1970-01-19 03:49:30','1970-01-19 03:49:30','2019-09-20 09:03:25','2019-09-20 09:29:14',0),(228,5,22,'1970-01-19 03:49:30','1970-01-19 03:49:30','2019-09-20 09:03:25','2019-09-20 09:29:14',0),(229,5,24,'1970-01-19 03:49:30','1970-01-19 03:49:30','2019-09-20 09:03:25','2019-09-20 09:29:14',0),(230,5,23,'1970-01-19 03:49:30','1970-01-19 03:49:30','2019-09-20 09:03:25','2019-09-20 09:29:14',0),(231,5,24,'1970-01-19 03:49:30','1970-01-19 03:49:30','2019-09-20 09:03:25','2019-09-20 09:29:14',0),(232,5,25,'1970-01-19 03:49:30','1970-01-19 03:49:30','2019-09-20 09:03:25','2019-09-20 09:29:14',0),(233,5,26,'1970-01-19 03:49:30','1970-01-19 03:49:30','2019-09-20 09:03:25','2019-09-20 09:29:14',0),(234,5,27,'1970-01-19 03:49:30','1970-01-19 03:49:30','2019-09-20 09:03:25','2019-09-20 09:29:14',0),(235,5,29,'1970-01-19 03:49:30','1970-01-19 03:49:30','2019-09-20 09:03:26','2019-09-20 09:29:14',0),(236,5,30,'1970-01-19 03:49:30','1970-01-19 03:49:30','2019-09-20 09:03:26','2019-09-20 09:29:14',0),(237,5,29,'1970-01-19 03:49:30','1970-01-19 03:49:30','2019-09-20 09:03:26','2019-09-20 09:29:14',0),(238,5,30,'1970-01-19 03:49:30','1970-01-19 03:49:30','2019-09-20 09:03:26','2019-09-20 09:29:14',0),(239,5,31,'1970-01-19 03:49:30','1970-01-19 03:49:30','2019-09-20 09:03:26','2019-09-20 09:29:14',0),(240,5,29,'1970-01-19 03:49:30','1970-01-19 03:49:30','2019-09-20 09:03:26','2019-09-20 09:29:14',0),(241,5,30,'1970-01-19 03:49:30','1970-01-19 03:49:30','2019-09-20 09:03:26','2019-09-20 09:29:14',0),(242,5,31,'1970-01-19 03:49:30','1970-01-19 03:49:30','2019-09-20 09:03:26','2019-09-20 09:29:14',0),(243,4,1,'1970-01-19 03:49:32','1970-01-19 03:49:32','2019-09-20 09:30:19','2019-09-20 09:30:19',1),(244,4,2,'1970-01-19 03:49:32','1970-01-19 03:49:32','2019-09-20 09:30:19','2019-09-20 09:30:19',1),(245,4,3,'1970-01-19 03:49:32','1970-01-19 03:49:32','2019-09-20 09:30:19','2019-09-20 09:30:19',1),(246,4,4,'1970-01-19 03:49:32','1970-01-19 03:49:32','2019-09-20 09:30:19','2019-09-20 09:30:19',1),(247,4,5,'1970-01-19 03:49:32','1970-01-19 03:49:32','2019-09-20 09:30:19','2019-09-20 09:30:19',1),(248,4,6,'1970-01-19 03:49:32','1970-01-19 03:49:32','2019-09-20 09:30:19','2019-09-20 09:30:19',1),(249,4,7,'1970-01-19 03:49:32','1970-01-19 03:49:32','2019-09-20 09:30:19','2019-09-20 09:30:19',1),(250,4,8,'1970-01-19 03:49:32','1970-01-19 03:49:32','2019-09-20 09:30:19','2019-09-20 09:30:19',1),(251,4,9,'1970-01-19 03:49:32','1970-01-19 03:49:32','2019-09-20 09:30:19','2019-09-20 09:30:19',1),(252,4,10,'1970-01-19 03:49:32','1970-01-19 03:49:32','2019-09-20 09:30:19','2019-09-20 09:30:19',1),(253,4,11,'1970-01-19 03:49:32','1970-01-19 03:49:32','2019-09-20 09:30:19','2019-09-20 09:30:19',1),(254,4,12,'1970-01-19 03:49:32','1970-01-19 03:49:32','2019-09-20 09:30:19','2019-09-20 09:30:19',1),(255,4,13,'1970-01-19 03:49:32','1970-01-19 03:49:32','2019-09-20 09:30:19','2019-09-20 09:30:19',1),(256,4,14,'1970-01-19 03:49:32','1970-01-19 03:49:32','2019-09-20 09:30:19','2019-09-20 09:30:19',1),(257,4,15,'1970-01-19 03:49:32','1970-01-19 03:49:32','2019-09-20 09:30:19','2019-09-20 09:30:19',1),(258,4,16,'1970-01-19 03:49:32','1970-01-19 03:49:32','2019-09-20 09:30:19','2019-09-20 09:30:19',1),(259,4,17,'1970-01-19 03:49:32','1970-01-19 03:49:32','2019-09-20 09:30:19','2019-09-20 09:30:19',1),(260,4,18,'1970-01-19 03:49:32','1970-01-19 03:49:32','2019-09-20 09:30:19','2019-09-20 09:30:19',1),(261,4,19,'1970-01-19 03:49:32','1970-01-19 03:49:32','2019-09-20 09:30:19','2019-09-20 09:30:19',1),(262,4,20,'1970-01-19 03:49:32','1970-01-19 03:49:32','2019-09-20 09:30:19','2019-09-20 09:30:19',1),(263,4,21,'1970-01-19 03:49:32','1970-01-19 03:49:32','2019-09-20 09:30:19','2019-09-20 09:30:19',1),(264,5,22,'1970-01-19 03:49:32','1970-01-19 03:49:32','2019-09-20 09:30:19','2019-09-20 09:30:19',1),(265,5,23,'1970-01-19 03:49:32','1970-01-19 03:49:32','2019-09-20 09:30:19','2019-09-20 09:30:19',1),(266,26,24,'1970-01-19 03:49:32','1970-01-19 03:49:32','2019-09-20 09:30:20','2019-09-20 09:30:20',1),(267,26,25,'1970-01-19 03:49:32','1970-01-19 03:49:32','2019-09-20 09:30:20','2019-09-20 09:30:20',1),(268,25,26,'1970-01-19 03:49:32','1970-01-19 03:49:32','2019-09-20 09:30:21','2019-09-20 09:30:21',1),(269,25,27,'1970-01-19 03:49:32','1970-01-19 03:49:32','2019-09-20 09:30:21','2019-09-20 09:30:21',1),(270,25,28,'1970-01-19 03:49:32','1970-01-19 03:49:32','2019-09-20 09:30:21','2019-09-20 09:30:21',1),(271,25,29,'1970-01-19 03:49:32','1970-01-19 03:49:32','2019-09-20 09:30:24','2019-09-20 09:30:24',1),(272,25,30,'1970-01-19 03:49:32','1970-01-19 03:49:32','2019-09-20 09:30:24','2019-09-20 09:30:24',1),(273,25,31,'1970-01-19 03:49:32','1970-01-19 03:49:32','2019-09-20 09:30:24','2019-09-20 09:30:24',1);
/*!40000 ALTER TABLE `bookbrow` ENABLE KEYS */;
UNLOCK TABLES;

--
-- Table structure for table `category`
--

DROP TABLE IF EXISTS `category`;
/*!40101 SET @saved_cs_client     = @@character_set_client */;
 SET character_set_client = utf8mb4 ;
CREATE TABLE `category` (
  `idcategory` int(11) NOT NULL AUTO_INCREMENT,
  `name_category` varchar(45) NOT NULL,
  `time_create` timestamp NULL DEFAULT CURRENT_TIMESTAMP,
  `time_update` timestamp NULL DEFAULT CURRENT_TIMESTAMP ON UPDATE CURRENT_TIMESTAMP,
  `enable` int(11) DEFAULT '1',
  PRIMARY KEY (`idcategory`)
) ENGINE=InnoDB AUTO_INCREMENT=11 DEFAULT CHARSET=utf8mb4 COLLATE=utf8mb4_0900_ai_ci;
/*!40101 SET character_set_client = @saved_cs_client */;

--
-- Dumping data for table `category`
--

LOCK TABLES `category` WRITE;
/*!40000 ALTER TABLE `category` DISABLE KEYS */;
INSERT INTO `category` VALUES (1,'Fantasy','2019-09-17 04:23:22','2019-09-17 04:23:22',1),(2,'Sci-Fi','2019-09-17 04:23:22','2019-09-17 04:23:22',1),(3,'Horror','2019-09-17 04:23:22','2019-09-17 04:23:22',1),(4,'Romance','2019-09-17 04:23:22','2019-09-17 04:23:22',1),(5,'Mystery Novel','2019-09-17 04:23:22','2019-09-17 04:23:22',1),(6,'Crime','2019-09-17 04:23:22','2019-09-17 04:23:22',1),(7,'Non-Fiction','2019-09-17 04:23:22','2019-09-17 04:23:22',1),(8,'Children’s Book','2019-09-17 04:23:22','2019-09-17 04:23:22',1),(9,'Comic Book','2019-09-17 04:23:22','2019-09-17 04:23:22',1),(10,'Other Types','2019-09-17 04:23:22','2019-09-17 04:23:22',1);
/*!40000 ALTER TABLE `category` ENABLE KEYS */;
UNLOCK TABLES;

--
-- Table structure for table `user`
--

DROP TABLE IF EXISTS `user`;
/*!40101 SET @saved_cs_client     = @@character_set_client */;
 SET character_set_client = utf8mb4 ;
CREATE TABLE `user` (
  `iduser` int(11) NOT NULL AUTO_INCREMENT,
  `name` varchar(45) NOT NULL,
  `username` varchar(45) NOT NULL,
  `password` longtext NOT NULL,
  `role` varchar(45) DEFAULT 'ROLE_USER',
  `gender` bit(1) DEFAULT b'0',
  `dob` date DEFAULT NULL,
  `time_create` timestamp NULL DEFAULT CURRENT_TIMESTAMP,
  `time_update` timestamp NULL DEFAULT CURRENT_TIMESTAMP ON UPDATE CURRENT_TIMESTAMP,
  `enable` int(11) DEFAULT '1',
  PRIMARY KEY (`iduser`)
) ENGINE=InnoDB AUTO_INCREMENT=27 DEFAULT CHARSET=utf8mb4 COLLATE=utf8mb4_0900_ai_ci;
/*!40101 SET character_set_client = @saved_cs_client */;

--
-- Dumping data for table `user`
--

LOCK TABLES `user` WRITE;
/*!40000 ALTER TABLE `user` DISABLE KEYS */;
INSERT INTO `user` VALUES (4,'Nguyễn Đức Long','long','$2a$10$e8JYwttShh2Tjpba/Y6Upei5DHUt0rnr40eHwad2iS43CmkWiRHGi','ROLE_USER',_binary '','2019-01-01','2019-09-17 02:49:12','2019-09-17 02:49:12',1),(5,'Nam 123','Nmam','$2a$10$dCMglnkR.Af0BXidVfYYQOl15jCWNYg6qezCWXLAU4nLfzDSM5Fpi','ROLE_USER',_binary '','2019-01-02','2019-09-17 07:55:57','2019-09-17 07:58:16',1),(6,'duc','ductran','$2a$10$2m6o4x4p8aJl/C3kG7424O.kE72hNLAvyO9cl7TgEql.7s3VbpQde','ROLE_USER',_binary '','2019-02-01','2019-09-19 15:01:46','2019-09-19 15:01:46',1),(7,'du21c','ABC','$2a$10$x8Cu9.RL5MApZpQVTziPGe5bd90p/AQ0iZJ/wy.Okn8MO5AvoCD6e','ROLE_USER',_binary '','2019-02-01','2019-09-19 15:01:58','2019-09-19 15:01:58',1),(8,'du21c0','ABCD','$2a$10$B9qwBfRp/o1hzfPcydX8FOiTX6GD.wACzHcVt/VZLBP2ocmoiD1da','ROLE_USER',_binary '','2019-02-01','2019-09-19 15:02:05','2019-09-19 15:02:05',1),(9,'du21c1','ABCDE','$2a$10$uPhuGqdTIz1uocEbuaMbKOG32Q/0/VVY1RTcNdMGMyleDTn.EQNgC','ROLE_USER',_binary '','2019-02-01','2019-09-19 15:02:09','2019-09-19 15:02:09',1),(10,'du21c2','LONG1','$2a$10$dUnv83xwqx1vaefncHgHkudan/F6tXL09K09hBbvOaynUlg.U23Oy','ROLE_USER',_binary '','2019-02-01','2019-09-19 15:02:17','2019-09-19 15:02:17',1),(11,'du21c3','LONG3','$2a$10$uHCLR.QHe2S.aYDrx/t4lupqii5J8CC9uW4e7koPrdAFzXIYetG3a','ROLE_USER',_binary '','2019-02-01','2019-09-19 15:02:23','2019-09-19 15:02:23',1),(12,'du21c4','LONG4','$2a$10$QMdD3IBN6BdCnx37t.Eq6uDbfd2lqloxhm1frzUDn4Vm9OxaqPNrK','ROLE_USER',_binary '','2019-02-01','2019-09-19 15:02:29','2019-09-19 15:02:29',1),(13,'duong','duong','$2a$10$mE9dwCFE2sBOW2zX/p2.Yu1zpePDvCrhr/aeNXw4/MAAuFmwc2q3S','ROLE_USER',_binary '\0','2019-02-01','2019-09-19 15:02:49','2019-09-19 15:02:49',1),(14,'duong1','duong1','$2a$10$ehxaYSUugUopQi7hF49WdeubdSUBhWVJCdA1ubfneGg.q9dCGwl7u','ROLE_USER',_binary '\0','2019-02-01','2019-09-19 15:03:01','2019-09-19 15:03:01',1),(15,'duong12','duong12','$2a$10$YghLS3YfFWncRmon6Sf9r.fTawTK62ZHJb8iX7dqNkaoibiW5oT4a','ROLE_USER',_binary '\0','2019-02-01','2019-09-19 15:03:05','2019-09-19 15:03:05',1),(16,'duong123','duong123','$2a$10$jOMJpeh97WZQXrWBvaHJiupTlWXrnWMEh2wItMYTkve0O5BprD.U6','ROLE_USER',_binary '\0','2019-02-01','2019-09-19 15:03:09','2019-09-19 15:03:09',1),(17,'duong124','duong1234','$2a$10$3Opa4LCEdKRbkN9/DJC7pOiaSteDZcTJJeizUru/haTKSiXSnvOOm','ROLE_USER',_binary '\0','2019-02-01','2019-09-19 15:03:15','2019-09-19 15:03:15',1),(18,'duong124','duong12345','$2a$10$xVAnPtsTeJ1V8eqN0DL30.pg.AgaWpDl1s6erMsDselszVq8ApD8i','ROLE_USER',_binary '\0','2019-02-01','2019-09-19 15:07:49','2019-09-19 15:07:49',1),(19,'duong124','duong12346','$2a$10$1Prr67iBPwu5Xl1gKv5o/OvbkUUw0SaB08U7XgaffxZc4zJkNurem','ROLE_USER',_binary '\0','2019-02-01','2019-09-19 15:07:54','2019-09-19 15:07:54',1),(20,'duong124','duong12347','$2a$10$EeCngpu.kha0RzaH8UdQv.g9l.3650D9CQiKtwgvUHI9qMQaY915W','ROLE_USER',_binary '\0','2019-02-01','2019-09-19 15:07:57','2019-09-19 15:07:57',1),(21,'duong124','duong123487','$2a$10$vgE6KmlbxAGuhTIvHIMyjenCc9Vpp/Azk46tNR40VwWaPkJxmRMxq','ROLE_USER',_binary '\0','2019-02-01','2019-09-19 15:08:01','2019-09-19 15:08:01',1),(22,'duong124','duong1234877','$2a$10$1Pk/1fVJK3s09cFk85ITSetmN60Et5FGbmzmZoDXw79ZwQNMO4F7.','ROLE_USER',_binary '\0','2019-02-01','2019-09-19 15:08:04','2019-09-19 15:08:04',1),(23,'duong124','duong12348778','$2a$10$FuzC.fIay0pdCh5C7dlzaOBM293YCmMB3j6aEObLA1AatBrVeFm3y','ROLE_USER',_binary '\0','2019-02-01','2019-09-19 15:08:06','2019-09-19 15:08:06',1),(24,'duong124','duong123487678','$2a$10$uMfRUZaYTanNQgBnlye8e./t2po5Nt8ZQBVodfpyv64kQgm3LgIpu','ROLE_USER',_binary '\0','2019-02-01','2019-09-19 15:08:09','2019-09-19 15:08:09',1),(25,'duong124','duong12348767998','$2a$10$0IOqV0SD1NcFInN22gz37.b6IAxN6h/AdnRq4qU1kBUiIe31Ak0si','ROLE_USER',_binary '\0','2019-02-01','2019-09-19 15:25:27','2019-09-19 15:25:27',1),(26,'duong124','1asdasd','$2a$10$JMWZMouGRCb3fATbwTYrPOgsxwLIDuNdQqWLOYBDOVUdH27yaKkQe','ROLE_USER',_binary '\0','2019-02-01','2019-09-19 15:25:55','2019-09-19 15:25:55',1);
/*!40000 ALTER TABLE `user` ENABLE KEYS */;
UNLOCK TABLES;
/*!40103 SET TIME_ZONE=@OLD_TIME_ZONE */;

/*!40101 SET SQL_MODE=@OLD_SQL_MODE */;
/*!40014 SET FOREIGN_KEY_CHECKS=@OLD_FOREIGN_KEY_CHECKS */;
/*!40014 SET UNIQUE_CHECKS=@OLD_UNIQUE_CHECKS */;
/*!40101 SET CHARACTER_SET_CLIENT=@OLD_CHARACTER_SET_CLIENT */;
/*!40101 SET CHARACTER_SET_RESULTS=@OLD_CHARACTER_SET_RESULTS */;
/*!40101 SET COLLATION_CONNECTION=@OLD_COLLATION_CONNECTION */;
/*!40111 SET SQL_NOTES=@OLD_SQL_NOTES */;

-- Dump completed on 2019-09-20 22:22:01
